sample	count	spacer	locus_tag	unique_name
AC1	869	AATATCCTTAAAAAACCAGA		
AC1	927	AGAATCATTGCCGCAAGTAA	GO593_09595	murA
AC2	1914	AATATCCTTAAAAAACCAGA		
AC2	1970	AGAATCATTGCCGCAAGTAA	GO593_09595	murA
AC3	676	AATATCCTTAAAAAACCAGA		
AC3	216	AGAATCATTGCCGCAAGTAA	GO593_09595	murA
AC4	3800	AATATCCTTAAAAAACCAGA		
AC4	1517	AGAATCATTGCCGCAAGTAA	GO593_09595	murA
AC5	687	AATATCCTTAAAAAACCAGA		
AC5	16	AGAATCATTGCCGCAAGTAA	GO593_09595	murA
AC6	2029	AATATCCTTAAAAAACCAGA		
AC6	41	AGAATCATTGCCGCAAGTAA	GO593_09595	murA
AC7	1018	AATATCCTTAAAAAACCAGA		
AC8	91	AATATCCTTAAAAAACCAGA		
AC9	1548	AATATCCTTAAAAAACCAGA		
AC10	4784	AATATCCTTAAAAAACCAGA		
AC11	773	AATATCCTTAAAAAACCAGA		
AC11	836	TTGCTGCGCAGAATCGACAG	GO593_18295	glnS
AC12	1052	AATATCCTTAAAAAACCAGA		
AC12	1141	TTGCTGCGCAGAATCGACAG	GO593_18295	glnS
AC13	97	AATATCCTTAAAAAACCAGA		
AC13	93	TTGCTGCGCAGAATCGACAG	GO593_18295	glnS
AC14	85	AATATCCTTAAAAAACCAGA		
AC14	94	TTGCTGCGCAGAATCGACAG	GO593_18295	glnS
AC15	197	AATATCCTTAAAAAACCAGA		
AC15	448	TTGCTGCGCAGAATCGACAG	GO593_18295	glnS
AC16	144	AATATCCTTAAAAAACCAGA		
AC16	296	TTGCTGCGCAGAATCGACAG	GO593_18295	glnS
AC17	5034	AATATCCTTAAAAAACCAGA		
AC17	2474	TTGCTGCGCAGAATCGACAG	GO593_18295	glnS
AC18	1733	AATATCCTTAAAAAACCAGA		
AC18	865	TTGCTGCGCAGAATCGACAG	GO593_18295	glnS
AC19	162	AATATCCTTAAAAAACCAGA		
AC19	1676	TTGCTGCGCAGAATCGACAG	GO593_18295	glnS
AC20	187	AATATCCTTAAAAAACCAGA		
AC20	1155	TTGCTGCGCAGAATCGACAG	GO593_18295	glnS
