sample	count	spacer	locus_tag	unique_name	barcode_proportion_of_matches	all_matches	all_reads	all_matches_proportion
AC1	869	AATATCCTTAAAAAACCAGA			0.483584	1797	4032	0.445685
AC1	927	AGAATCATTGCCGCAAGTAA	GO593_09595	murA	0.51586	1797	4032	0.445685
AC2	1914	AATATCCTTAAAAAACCAGA			0.492791	3884	7724	0.502848
AC2	1970	AGAATCATTGCCGCAAGTAA	GO593_09595	murA	0.507209	3884	7724	0.502848
AC3	676	AATATCCTTAAAAAACCAGA			0.757848	892	1884	0.473461
AC3	216	AGAATCATTGCCGCAAGTAA	GO593_09595	murA	0.242152	892	1884	0.473461
AC4	3800	AATATCCTTAAAAAACCAGA			0.714689	5317	11835	0.449261
AC4	1517	AGAATCATTGCCGCAAGTAA	GO593_09595	murA	0.285311	5317	11835	0.449261
AC5	687	AATATCCTTAAAAAACCAGA			0.975852	704	1917	0.36724
AC5	16	AGAATCATTGCCGCAAGTAA	GO593_09595	murA	0.0227273	704	1917	0.36724
AC6	2029	AATATCCTTAAAAAACCAGA			0.980193	2070	4767	0.434235
AC6	41	AGAATCATTGCCGCAAGTAA	GO593_09595	murA	0.0198068	2070	4767	0.434235
AC7	1018	AATATCCTTAAAAAACCAGA			0.994141	1024	2347	0.436302
AC8	91	AATATCCTTAAAAAACCAGA			0.98913	92	321	0.286604
AC9	1548	AATATCCTTAAAAAACCAGA			1	1548	3573	0.433249
AC10	4784	AATATCCTTAAAAAACCAGA			0.999791	4785	11039	0.433463
AC11	773	AATATCCTTAAAAAACCAGA			0.479826	1611	3929	0.410028
AC11	836	TTGCTGCGCAGAATCGACAG	GO593_18295	glnS	0.518932	1611	3929	0.410028
AC12	1052	AATATCCTTAAAAAACCAGA			0.479708	2193	4528	0.48432
AC12	1141	TTGCTGCGCAGAATCGACAG	GO593_18295	glnS	0.520292	2193	4528	0.48432
AC13	97	AATATCCTTAAAAAACCAGA			0.510526	190	568	0.334507
AC13	93	TTGCTGCGCAGAATCGACAG	GO593_18295	glnS	0.489474	190	568	0.334507
AC14	85	AATATCCTTAAAAAACCAGA			0.47486	179	535	0.334579
AC14	94	TTGCTGCGCAGAATCGACAG	GO593_18295	glnS	0.52514	179	535	0.334579
AC15	197	AATATCCTTAAAAAACCAGA			0.305426	645	1518	0.424901
AC15	448	TTGCTGCGCAGAATCGACAG	GO593_18295	glnS	0.694574	645	1518	0.424901
AC16	144	AATATCCTTAAAAAACCAGA			0.326531	441	1268	0.347792
AC16	296	TTGCTGCGCAGAATCGACAG	GO593_18295	glnS	0.671202	441	1268	0.347792
AC17	5034	AATATCCTTAAAAAACCAGA			0.670396	7509	15381	0.4882
AC17	2474	TTGCTGCGCAGAATCGACAG	GO593_18295	glnS	0.329471	7509	15381	0.4882
AC18	1733	AATATCCTTAAAAAACCAGA			0.667052	2598	5365	0.48425
AC18	865	TTGCTGCGCAGAATCGACAG	GO593_18295	glnS	0.332948	2598	5365	0.48425
AC19	162	AATATCCTTAAAAAACCAGA			0.0881393	1838	3428	0.536173
AC19	1676	TTGCTGCGCAGAATCGACAG	GO593_18295	glnS	0.911861	1838	3428	0.536173
AC20	187	AATATCCTTAAAAAACCAGA			0.139241	1343	2543	0.528116
AC20	1155	TTGCTGCGCAGAATCGACAG	GO593_18295	glnS	0.860015	1343	2543	0.528116
